comments,brand_name,sentiment
Not yet tried but as listened they have good quality than others.,AlkaramStudios,Positive
Cooperative Staff,AlkaramStudios,Positive
Nice one location and available parking staff behavior is great,AlkaramStudios,Positive
Nice Place for shopping.,AlkaramStudios,Positive
Nice branch of Al Karam,AlkaramStudios,Positive
Great stuff nice collection,AlkaramStudios,Positive
Good place for shopping,AlkaramStudios,Positive
Wonderful design and collection both stiched and unstiched stuff,AlkaramStudios,Positive
Nice tool to find anything...,AlkaramStudios,Positive
Good and not too expensive,AlkaramStudios,Positive
This is an official franchise and all types of stuff and new Volumes are available.,AlkaramStudios,Positive
Superb place to shoping of clothing,AlkaramStudios,Positive
Best seller,AlkaramStudios,Positive
Nice clothing,AlkaramStudios,Positive
"Clothe store. Fixed prices, brand store",AlkaramStudios,Positive
Quite Great,AlkaramStudios,Positive
Amazing,AlkaramStudios,Positive
Nice,AlkaramStudios,Positive
Retail Store,AlkaramStudios,Neutral
Best,AlkaramStudios,Positive
A nice place to shop,AlkaramStudios,Positive
"Good store, clothes for all age groups but more variety for persons less than 30 yrs, central location",Breakout,Positive
Nice place but not upto mark,Breakout,Neutral
A good place for Kids shopping,Breakout,Positive
Good service. Normal quality of brand.,Breakout,Neutral
"Staff is friendly, a little bit expensive",Breakout,Neutral
Easy shopping,Breakout,Positive
All articles were not available. Stock was limited,Breakout,Negative
Good experience,Breakout,Positive
Excellent,Breakout,Positive
Exellent shoping place for ready made garments,Breakout,Positive
Not bad,Breakout,Neutral
Good quality,Breakout,Positive
Good garments,Breakout,Positive
best store in the town.,Breakout,Positive
Amazing staff. Amazing clothing.,Breakout,Positive
Good quality of shirts and garments and also economical than other brands.,Breakout,Positive
Good place for ladies and gents stitch cloths,Breakout,Positive
A great brand with reasonable price with good quality,Breakout,Positive
"I had visited the outlet a weak before sale, suppose if a shirt was of 1000 than is now @ 800 & sale tag claiming 30% off... Does that make some sense???",Breakout,Negative
Nice Place for shopping,Breakout,Positive
Not much variety of jeans,Breakout,Negative
Fevourite brand,Breakout,Positive
Do shopping and save,Breakout,Neutral
Nice,Breakout,Positive
Good shop,Breakout,Positive
Good,Breakout,Positive
Good,Breakout,Positive
Good but prices are a little bit high.,Charcol,Neutral
GreAt place of shopping,Charcol,Positive
Awesome brand.. Good Quality,Charcol,Positive
"Love to visit charcoal outlet
Quality is always according to expectation",Charcol,Positive
Very High prices. Just a shirt for PKR 3600.,Charcol,Negative
Shirt quility is v good,Charcol,Positive
Flat off these days,Charcol,Positive
Limited edition,Charcol,Negative
A great brand for formal suiting specially this branch's staff behavior is really awesome.,Charcol,Positive
Products are well but some expensive,Charcol,Neutral
Less variety as compared to other Charcoal outlet but manageable. Fairly priced and cooperative staff.,Charcol,Neutral
In bwp charcoal has outdated stock photography,Charcol,Neutral
"Excellent quality of fabric, stitching and design, but the prices have almost doubled as compared to last year.",Charcol,Neutral
gentle man place,Charcol,Positive
Recommended for men's wear,Charcol,Positive
Fabric Quality is good. Nice if u r looking for formal suiting,Charcol,Positive
It was good as there was 20%sale,Charcol,Neutral
Good quality clothing,Charcol,Positive
Quality is good but prices are also higher,Charcol,Neutral
Quality and good stuff,Charcol,Positive
Charcoal is very nice brand. I think little bit costly.,Charcol,Neutral
they have good fabric garments.,Charcol,Positive
There is no any contact number.,Charcol,Negative
Outclass,Charcol,Positive
Costly but Nice brand,Charcol,Neutral
Nice for colthes,Charcol,Positive
A device store,Charcol,Neutral
Good but expensive clothes,Charcol,Neutral
Rates are very high.,Charcol,Negative
Nice formal dresses,Charcol,Positive
Nice Fabric Charcoal,Charcol,Positive
Nice shop,Charcol,Positive
Nice place.,Charcol,Positive
Too expensive suits,Charcol,Negative
good one,Charcol,Positive
Good,Charcol,Positive
Men clothing,Charcol,Neutral
good,Charcol,Positive
Good in quality,Charcol,Positive
Super,Charcol,Positive
Good quality,Charcol,Positive
Good variety,Charcol,Positive
Brand wears very costly and fine,Charcol,Neutral
Great,Charcol,Positive
An average shop,Charcol,Neutral
Clothing,Charcol,Neutral
Excellent,Charcol,Positive
Good,ChenOne,Positive
This was amazing place.,ChenOne,Positive
Good Mall...,ChenOne,Positive
It was one of my fav malls when it was growing to it's maturity,ChenOne,Positive
I found it better than many other shopping malls in the city even today and since its inauguration,ChenOne,Positive
Very nice store,ChenOne,Positive
Very supportive staff. Satisfied with dealing with customer.,ChenOne,Positive
Good store for kids dresses,ChenOne,Positive
one of my favorite brand..,ChenOne,Positive
You can get clothing and home decor on discounted prices,ChenOne,Neutral
I liked this brand,ChenOne,Positive
Quality of shopping and great addition in the city and first chain of business,ChenOne,Positive
Best local brand with International standards. expensive one,ChenOne,Positive
It is a nice shopping area with decent atmosphere. The quality of garments is out class,ChenOne,Positive
"good place to shop
staff is cooperative",ChenOne,Positive
Good place for window shopping.,ChenOne,Positive
Good shopping point.,ChenOne,Positive
Ideal for whenever i need to park my car while on the go!,ChenOne,Neutral
Not much productive store in terms of variety as compared to other outlets,ChenOne,Negative
I love this shop .all branded available,ChenOne,Positive
Amazing collection and quality products. My favorites place to shop,ChenOne,Positive
Nice shopping place,ChenOne,Positive
Good place for Shoping,ChenOne,Positive
"Well known clothing, bedding and furniture outlet. If you have lot of money to waste, you can waist here bcoz all the products here are so good. Prices are too much high even on 50% discount it seems higher.",ChenOne,Negative
It's ok,ChenOne,Neutral
Good product but much expansive,ChenOne,Neutral
Nice place,ChenOne,Positive
Nice place for shopping,ChenOne,Positive
Unnecessarily expensive,ChenOne,Negative
Nice place for shopping,ChenOne,Positive
Expensive but better stuff,ChenOne,Positive
Good,ChenOne,Positive
Good one!,ChenOne,Positive
Good place to have some shopping,ChenOne,Positive
Good to visit,ChenOne,Positive
Quality items and reasonable prices.,ChenOne,Positive
Good,ChenOne,Positive
Nice great,ChenOne,Positive
Good shoping place but expensive,ChenOne,Positive
Yeah its cool shopping there,ChenOne,Positive
Product are reliable but prices are too much high,ChenOne,Negative
Nice place for shopping related to required babay and families shopping,ChenOne,Positive
they are nice but not infirming about online orders.,ChenOne,Negative
Competitive and elegant setup,ChenOne,Positive
not good experience,ChenOne,Negative
Nice place. On Chen One brand atoms are availables.,ChenOne,Positive
Chen one was the first brands outlet mall in sargodha.  And now it is a shopping centre with almost all major clothing and other essential shops.  Mini so jas opened it's outlet recently.  A good place!,ChenOne,Neutral
Good,ChenOne,Positive
"I dont know why this shop exist, i haven't heard any good thing about it. Even they didn't have sweaters and jackets in winter. But technology there is impressive",ChenOne,Negative
Too much expensive as compared to products value,ChenOne,Negative
Satisfied,ChenOne,Positive
This is the best shopping mall in bwp.,ChenOne,Positive
Best place for family shopping.,ChenOne,Positive
Great,ChenOne,Positive
Chenone is one of the most expensive and good brand,ChenOne,Neutral
Great experience,ChenOne,Positive
Nice place,ChenOne,Positive
Great place with variety of options,ChenOne,Positive
nice collection for men dressing,ChenOne,Positive
Really Loved it,ChenOne,Positive
Good place,ChenOne,Positive
all the things are found here,ChenOne,Neutral
The mall is soo good,ChenOne,Positive
"Good stuff, designs and variety",ChenOne,Positive
A reasonably good store of Chen one in bahawal pur,ChenOne,Neutral
Prices are quite high for outfits though stuff is also compromised.,ChenOne,Negative
Very nice place for cloths shopping,ChenOne,Positive
"One the worst brand as per quality of the products , had bought some stuff from it but after a month it got faded, and upon asking they told sir this was in black colour and as you know black got faded.",ChenOne,Negative
A good place to shop nice quality Clothes and fashion stuff,ChenOne,Positive
Complete store all vriety,ChenOne,Positive
This brand is going down day by day in term of business,ChenOne,Positive
Very cheap,ChenOne,Positive
Mens wearing got too many choices,ChenOne,Positive
Quality,ChenOne,Positive
Bridal thing avialable in less price,ChenOne,Positive
Located in MTA increases the grace of city,ChenOne,Positive
gentle man choice,ChenOne,Positive
Nice place,ChenOne,Positive
Good for shopping of clothes and apperall,ChenOne,Positive
A good place to shop.,ChenOne,Positive
Nice things on discounted rates,ChenOne,Positive
Fabric and quality is outstanding,ChenOne,Positive
Side py hy baki brands k sth hona chaheay,ChenOne,Negative
Great opportunity for shopping,ChenOne,Positive
this shop is wonderfull,ChenOne,Positive
Posh shopping mall in Bahawalpur,ChenOne,Positive
Excellent,ChenOne,Positive
Awesome,ChenOne,Positive
Price high but quality is awesome,ChenOne,Neutral
Nice shopping Mall with affordable prices.,ChenOne,Positive
Very good.  Best,ChenOne,Positive
Good store for shopping. Many brands available,ChenOne,Positive
Good place and we'll maintained outlet,ChenOne,Positive
Brand shop with good quality stuff.,ChenOne,Positive
They no variety compared to the branches of lahore and multan,ChenOne,Negative
I will not recomend,ChenOne,Negative
Good place for shopping,ChenOne,Positive
Shopping mall and best food available here,ChenOne,Positive
i had a good experience with this outlet. The staff was cooperative.,ChenOne,Positive
It is a good shopping mall.,ChenOne,Positive
Standard but high prices as compared to stuff and design,ChenOne,Neutral
Great place. Good variety,ChenOne,Positive
Its really bad quality there now.,ChenOne,Negative
being a regular customer i visited Chen one with family 2 days ago and it turned into a shame when the stupid and drunk security guard humiliated me with his horrible and threatening attitude over  parking issue that was't my fault at all.,ChenOne,Negative
Good place for Shopping ,ChenOne,Positive
Average clothes and over priced. Sometimes quality is very bad.,ChenOne,Negative
"Good outlets,comapring the multan chenone tower",ChenOne,Positive
Good stuff but costly,ChenOne,Neutral
Excellent Products,ChenOne,Positive
Best but ..... during 50% off,ChenOne,Neutral
"Came with my family & i was refused entrance, they said ladies only, they said just wait outside. :(",ChenOne,Negative
Nice place,ChenOne,Positive
"Expensive, cheaper and better stuff is available on Other brands.",ChenOne,Negative
Nice shopping place,ChenOne,Positive
Good in the sale time,ChenOne,Neutral
Superb place,ChenOne,Positive
experience,ChenOne,Negative
Good,ChenOne,Positive
Bahawalpur good shopping mall,ChenOne,Positive
Buy anything what you need,ChenOne,Neutral
I did shopping a lot from here,ChenOne,Neutral
Nice shop,ChenOne,Positive
Good place for shopping,ChenOne,Positive
Shoping,ChenOne,Positive
Nice but expensive,ChenOne,Neutral
Not enough variety.,ChenOne,Negative
Best for quality products,ChenOne,Positive
Nice place for shopping,ChenOne,Positive
Wonderful,ChenOne,Positive
Poor dealing,ChenOne,Negative
Awesome,ChenOne,Positive
"A place of shopping brands cloth, Shoes, cosmetic etc but not for middle standard people.",ChenOne,Negative
Good entry,ChenOne,Positive
Very much price,ChenOne,Negative
No new designs,ChenOne,Negative
Nice collection,ChenOne,Positive
High price clothing shopping store,ChenOne,Positive
Little bit expensive,ChenOne,Negative
Good addition in Bahawalpur,ChenOne,Positive
"I found nothing which I wanted to buy.
There was less range and prices weren't suitable.",ChenOne,Negative
Its ok,ChenOne,Neutral
Not economical,ChenOne,Negative
high Shopping center,ChenOne,Positive
Under one roof  quality,ChenOne,Positive
Cheneone outlet Bahawalpur,ChenOne,Positive
Moderate store and expensive,ChenOne,Neutral
low cost products are useless.,ChenOne,Negative
Good store,ChenOne,Positive
Classy place,ChenOne,Positive
Much Expensive,ChenOne,Negative
Loved it.,ChenOne,Positive
Good,ChenOne,Positive
Brand all types clothing under one roof,ChenOne,Positive
Gud fir level shopping,ChenOne,Positive
good clothing,ChenOne,Positive
love shopping,ChenOne,Positive
Nice,ChenOne,Positive
Chen one has reduced their quality,ChenOne,Negative
Cool,ChenOne,Positive
Nyc for shopping,ChenOne,Positive
Good,ChenOne,Positive
Level up place for shopping,ChenOne,Positive
Shoping mall,ChenOne,Positive
Only for brand lovers,ChenOne,Positive
High prices,ChenOne,Positive
Brand shop,ChenOne,Positive
great,ChenOne,Positive
Best prices,ChenOne,Positive
Good,ChenOne,Positive
Good but costly,ChenOne,Neutral
Nice,ChenOne,Positive
Just ok,ChenOne,Neutral
Good,ChenOne,Positive
Good,ChenOne,Positive
Expensive,ChenOne,Negative
Nice,ChenOne,Positive
Shopping clothing,ChenOne,Positive
All in one,ChenOne,Positive
"it,s a good clothing brand for families.",ChenOne,Positive
There used to be variety in things that are no longer there.cost is too much. please improve all these.,ChenOne,Negative
"
Chenone is expensive but it never compromised quality.Good Products.
But they place a sale in the end of season brought good things.",ChenOne,Positive
Rate is enough,ChenOne,Negative
It is best,ChenOne,Positive
"
Over priced AF, useless collection",ChenOne,Negative
Great,ChenOne,Positive
Superb .. !!,ChenOne,Positive
"Visited to buy a neck scarf but they didn't have it. Still the attended was courteous enough to guide me to find a nearby store.
Accessibility is an issue but hopefully the attendees can help the visitors",Diners,Positive
It is nice place for shopping,Diners,Positive
"Very good verity and excellent collection .
But very expressive",Diners,Neutral
It is one of the best shopping store where affordable prices reacable,Diners,Positive
It was good to visit and enjoy all suiting at nominal price,Diners,Positive
Staff was very responsive and forthcoming. Experience was very good. Strongly recommended.,Diners,Positive
"A very nice store if the manager will be replaced because he have no clue of what customer service is.
He is very bad at temperament and ethics",Diners,Negative
"As good outlet as in big cities i.e Lahore Islamabad....
Staff need further trainings in my opinion...",Diners,Neutral
"Diner store conatains very good stuff of clothes.
It also contains nice shoes.",Diners,Positive
Such A great Store in this Area,Diners,Positive
Best shirts and trousers available here.,Diners,Positive
good point,Diners,Positive
It's my first visit. It's looking a good place for shopping,Diners,Positive
Quality of stuff is just acceptable,Diners,Neutral
"Nice place to visit,  quite a large verity for gents 2 piece & t-shirts.",Diners,Positive
It was good but the prices were high,Diners,Neutral
I love this one,Diners,Positive
Three piece suit best place,Diners,Positive
Good for Clthing,Diners,Positive
Good bt costly products,Diners,Neutral
Good quality and stuff,Diners,Positive
Best clothing brand,Diners,Positive
Nice clothes,Diners,Positive
Great,Diners,Positive
Good store for wears,Diners,Positive
Good stuff...,Diners,Positive
Because here all the wearables are available of good quality and in normal price .,Diners,Positive
cheap &  good stuff dtore,Diners,Positive
Good collection,Diners,Positive
Pretty cool,Diners,Positive
This is simply Store for shopping,Diners,Positive
Products are good but costly. Prices should be reduced!,Diners,Neutral
Well known brand with awsum quality utfit.....,Diners,Positive
Limited stocks,Diners,Negative
"Just another Diner Clothing Store Franchise in Bahawalpur, one interested in quality clothing should visit this store! I recommend this!",Diners,Positive
Customer oriented but check your budget before entering. Nice clothing available,Diners,Neutral
One of the best brand for gents suiting... but it is heavy on pocket.,Diners,Neutral
Nice place,Diners,Positive
Nice but expensive clothes,Diners,Neutral
They are one of leading clothing brands with entertaining variety,Diners,Positive
Multi variety store.,Diners,Positive
Cloths shoping is now easy,Diners,Positive
"A nice place for my taste, got what I was looking for- a simple jeans.",Diners,Positive
Nice,Diners,Positive
Limited stock availability,Diners,Negative
nice experience. thy have nice collection with high quality.,Diners,Positive
Loves to shop here always....,Diners,Positive
Nice staff behavior,Diners,Positive
Best collection full of range,Diners,Positive
Diner a famous brand dealing in garments all range. Located at chowk Fawara Bahawalpur,Diners,Positive
Nice place,Diners,Positive
Good variety of clothes available with easy to approach location at Farawa chowk bwp.,Diners,Positive
Beautyfull and low price,Diners,Positive
The brand which comfort you with excellent clothing abit experience.,Diners,Positive
Wide variety. During sale prices are reasonable,Diners,Positive
Visited for Party wear but a very low collection.,Diners,Negative
I always shop from there,Diners,Positive
Best quality but high rates,Diners,Positive
"Very small collection of shoes, clothing is good.",Diners,Neutral
Excellent customer service and almost all sort of clothing available,Diners,Positive
Because I get nice variety here,Diners,Positive
Fine place with wide range and fine fabric,Diners,Positive
Good place to shop men's cloths,Diners,Positive
Good products on one floor.,Diners,Positive
Super store,Diners,Positive
"Good stuff and variety of choices availble under one roof.
Qualty is good and also economialcal.",Diners,Positive
Very good store for men dressing near fwara chock,Diners,Positive
Dinrs is absolutely world class fabric is sort and graceful,Diners,Positive
Much expensive poor quality so disappointed,Diners,Negative
Nice but costly brand shop,Diners,Neutral
Good garments collection,Diners,Positive
Good clothes stuff available here,Diners,Positive
Good quality fabric at reasonable price,Diners,Positive
Excellent quality with good number of variety...,Diners,Positive
Best place for garments shopping,Diners,Positive
Good place fo garments,Diners,Positive
Nice experience win diners clothing,Diners,Positive
Not enough stuff but service is best.,Diners,Positive
They have all the variety for all ages,Diners,Positive
Quality of diner's are good,Diners,Positive
Verry high Price here,Diners,Positive
Nice,Diners,Positive
I didn't like,Diners,Negative
Good suits but pricey.,Diners,Neutral
"Good shop BUT be careful when u go to change or return ,their they behaviour is very irritating.",Diners,Negative
Best place for Shopping in BWP,Diners,Positive
Good shop to purchase,Diners,Positive
Good,Diners,Positive
New articles  not available,Diners,Negative
"Costly as well as Counter guy is very rude. if you ask for some discount, he will be like you have asked for his kidney lol :p",Diners,Negative
Costly but Nice brand,Diners,Neutral
Average designs,Diners,Neutral
Kids brand,Diners,Positive
Just amazing great,Diners,Positive
Good quality products.,Diners,Positive
A good place for clothing.,Diners,Positive
Nice place for good choice,Diners,Positive
New collection,Diners,Positive
I love it,Diners,Positive
Nice place but things are little bit expensive,Diners,Neutral
Good but expencvie,Diners,Positive
Good stuff.,Diners,Positive
Excellent blazers,Diners,Positive
Good place,Diners,Positive
Good outlet,Diners,Positive
Suiting is superb,Diners,Positive
Nice,Diners,Positive
It's ok,Diners,Positive
Good for shopping,Diners,Positive
Great shopping center,Diners,Positive
excellent stuff,Diners,Positive
Top brand,Diners,Positive
Good place,Diners,Positive
A super store,Diners,Positive
Expensive clothing,Diners,Positive
Expensive but good.,Diners,Neutral
Great,Diners,Positive
Nice clothing,Diners,Positive
Not so Good,Diners,Negative
A very costly place for shoping,Diners,Negative
Limited variety,Diners,Negative
good but expensive store,Diners,Positive
good expensive place,Diners,Positive
Cooporative Employees,Diners,Positive
Good,Diners,Positive
Recommend,Diners,Positive
Good people,Diners,Positive
Fine,Diners,Positive
Nice store,Diners,Positive
Nice collection,Diners,Positive
EXPENSIVE !!!!!!,Diners,Negative
FLOP,Diners,Negative
Brand!,Diners,Positive
Nice place for shopping,Diners,Positive
Good one,Diners,Positive
Nice,Diners,Positive
Cloth market,Diners,Positive
Here you can buy standard garments.,Diners,Positive
High prices,Diners,Positive
Just a brand name,Diners,Positive
Decent collection,Diners,Positive
Awesome,Diners,Positive
Very good,Diners,Positive
Nice brand,Diners,Positive
Good store,Diners,Positive
Great experience,Diners,Positive
Nice,Diners,Positive
Nice,Diners,Positive
Quality is just average,Diners,Neutral
Good place,Diners,Positive
Brand store,Diners,Positive
Best services,Diners,Positive
Nice mall...,Diners,Positive
Costly,Diners,Negative
Average,Diners,Positive
Expensive,Diners,Negative
Good,Diners,Positive
Expensive,Diners,Negative
Luxury,Diners,Positive
It's expensive,Diners,Positive
Good,Diners,Positive
Value chain,Diners,Positive
Full of variety.,Diners,Positive
Great size,Diners,Positive
Nice shop,Diners,Positive
Not impressive,Diners,Negative
Nice store,Diners,Positive
Branded garments.,Diners,Positive
Superb,Diners,Positive
Expensive must buy in sale decent suiting,Diners,Neutral
Good shop,Diners,Positive
Average stuff on high price,Diners,Positive
Good Place,Diners,Positive
Brand but it requires money,Diners,Neutral
V nice,Diners,Positive
Wow,Diners,Positive
Nice place for shopping. Reasonable rate with good variety,Edenrobe,Positive
Quality vise best place,Edenrobe,Positive
"They have amazing clothes with AMAZING quality, especially women clothing. The prints and the material is very good. But the clothes are on the expensive side, not very budget friendly.",Edenrobe,Positive
"A good brand for clothing in Bahawalpur. I really recommend you to buy winter clothes from here because winter collection of ACE is wonderful and the clothes are well refined, stitched. Again, I recommend to visit this place for buying winter clothes.
Appreciated!",Edenrobe,Positive
Good,Edenrobe,Positive
Shop was good but they have very low articles.,Edenrobe,Neutral
Awesome place for shopping. Good quality fabric available.,Edenrobe,Positive
Few of my items are only brought from this very place.... No matter where I live ... I manage to purchase from here,Edenrobe,Neutral
Beautidul dresses. Wesome stuff. But high in prices,Edenrobe,Neutral
Well maintaimed place.. you can get good wearing options there..,Edenrobe,Positive
"Expensive, visited with their good marketing but rarely bought anything.",Edenrobe,Negative
Good price and good stuff of garments and clothes,Edenrobe,Positive
Great store to shop daily base shopping,Edenrobe,Positive
Nice place for shopping,Edenrobe,Positive
The shopping mall is located in the heart of city and garments are of excellent quality.,Edenrobe,Positive
Good place for family season cloth shoping,Edenrobe,Positive
Good place for shoping,Edenrobe,Positive
"Eden robe is one of the most popular and unique brand all over pakistan. There products are quite costly but the product is too good to wear, i love this brand for my one personal use. My experience with this product is very good, i feel really happy because the products have all the qualities among the other brands.",Edenrobe,Positive
Good place for shopping,Edenrobe,Positive
Good place  expensive as well. If you are going for kids shoes then itsnotthe right place.,Edenrobe,Negative
Goos shoping place in bahawalpur,Edenrobe,Positive
Reasonable price and good staff,Edenrobe,Positive
Everything is right and fine.,Edenrobe,Positive
Quality of the product and first shopping place in Bahawalpur,Edenrobe,Positive
I liked this brand,Edenrobe,Positive
Good place for shopping,Edenrobe,Positive
Best place to buy shirts and Kurtas,Edenrobe,Positive
Good place for shopping,Edenrobe,Positive
I like it and purchase 3 casual shirts,Edenrobe,Positive
One of the best clothing store in bahawalpur,Edenrobe,Positive
Good shipping point.,Edenrobe,Positive
Staff behaviour need to improve,Edenrobe,Negative
Nice collection store,Edenrobe,Positive
Edenrobe was pretty good,Edenrobe,Positive
Shopped some necessary items,Edenrobe,Neutral
Best place for garments shopping,Edenrobe,Positive
Excellent Service and find best product in good price,Edenrobe,Positive
"You can find good beautiful stylish clothes here for kids and women, not good for men. Prices are too too much high. Ok on 50%.",Edenrobe,Neutral
Some one costly nice place,Edenrobe,Positive
Very Beautiful Shopping Center,Edenrobe,Positive
It's ok,Edenrobe,Positive
Good Choice,Edenrobe,Positive
"Had a great experience. Highly cooperative staff.
Excellent quality.",Edenrobe,Positive
Good place to buy pants shirts & shalwar qameez,Edenrobe,Positive
Nice place for shopping,Edenrobe,Positive
Nice place,Edenrobe,Positive
Very good,Edenrobe,Positive
Good,Edenrobe,Positive
Qaisar sb edenrob prince,Edenrobe,Positive
Outstanding quality,Edenrobe,Positive
Expensive,Edenrobe,Positive
Shoping place garments etc,Edenrobe,Positive
Male kurtas variety is eexcellent,Edenrobe,Positive
Nice shop with different clothes categories.,Edenrobe,Positive
I m loving it. Good place for shopping,Edenrobe,Positive
"It is present inside ACE shopping mall ,Eden robe is one of the pioneers of branded clothing in bahawalpur and now it has attained a fame as now they have complete range of cultural and western styled clothes ,it provides best fabric with large range of variety and is popular among the residents of town",Edenrobe,Positive
Nice shopping mall for clothes and everything,Edenrobe,Positive
"Good quality jersies, upper and everything you want for men women and kids",Edenrobe,Positive
Good and quality stuff at medium price range....,Edenrobe,Positive
Very nice mall in bahawalpur,Edenrobe,Positive
"Everything in Edenrobe was superb.
Quality is also very good",Edenrobe,Positive
Funtastic place to do shopping having all items related child and women and man shopping,Edenrobe,Positive
Outstanding quality,Edenrobe,Positive
Expensive,Edenrobe,Negative
Male kurtas variety is eexcellent,Edenrobe,Positive
Nice shop with different clothes categories.,Edenrobe,Positive
I m loving it. Good place for shopping,Edenrobe,Positive
Nice shopping mall for clothes and everything,Edenrobe,Positive
"Good quality jersies, upper and everything you want for men women and kids",Edenrobe,Positive
Good and quality stuff at medium price range....,Edenrobe,Positive
Very nice mall in bahawalpur,Edenrobe,Positive
"Everything in Edenrobe was superb.
Quality is also very good",Edenrobe,Positive
Funtastic place to do shopping having all items related child and women and man shopping,Edenrobe,Positive
One of the best shopping area of city,Edenrobe,Positive
Such a good shoping mall with reasonable price. 5 star rating,Edenrobe,Positive
Nice place,Edenrobe,Positive
Best place for shopping ,Edenrobe,Positive
"I like their  shalwar suit, good clothing stuff with nice stitching",Edenrobe,Positive
"Excellent quality of stuff,designing n specialy tailoring",Edenrobe,Positive
local products in a plaza,Edenrobe,Negative
Good for clothes and for women there is a whole bunch of makeup selection area,Edenrobe,Positive
Lovely place for shoping,Edenrobe,Positive
They always have Wrost collection every season so dont go there.,Edenrobe,Negative
Good,Edenrobe,Positive
Good for apparels and stitched suiting variety both for ethnic n suiting lovers,Edenrobe,Positive
good quality products,Edenrobe,Positive
Good choice for shoping,Edenrobe,Positive
Nice place to shop brands,Edenrobe,Positive
Decent shopping complex.,Edenrobe,Positive
Awesome staff and clothes. Class of legacy,Edenrobe,Positive
Great place for shopping fashion garments for all seasons,Edenrobe,Positive
Best place for wedding shopping,Edenrobe,Positive
Avg,Edenrobe,Neutral
Good varieties of all types of clothes.,Edenrobe,Positive
Best Shopping Mall in bahawalpur,Edenrobe,Positive
It was a wonderful place for shopping,Edenrobe,Positive
Beautiful place,Edenrobe,Positive
Good stuff but expensive,Edenrobe,Positive
Good departmental store,Edenrobe,Positive
Good place for shopping,Edenrobe,Positive
So much pricy. Should visit bissino or J.,Edenrobe,Negative
Nice place for shopping,Edenrobe,Positive
GOOD PLACE,Edenrobe,Positive
Love to visit again,Edenrobe,Positive
I have always loved shopping here,Edenrobe,Positive
Best pace for shopping,Edenrobe,Positive
Price high but quality is good,Edenrobe,Positive
Good shopping mall,Edenrobe,Positive
Good place for shopping,Edenrobe,Positive
"Fabric is absolutelyl soft and  graceful
Thank",Edenrobe,Positive
Clothing western and traditional,Edenrobe,Positive
Good to shop garments for whole family,Edenrobe,Positive
Good varieties of Ace are present here.,Edenrobe,Positive
Nice but expensive,Edenrobe,Neutral
"It was not outstanding, but good",Edenrobe,Positive
Nice,Edenrobe,Positive
Costly,Edenrobe,Negative
Bad experience,Edenrobe,Negative
Cool place,Edenrobe,Positive
Amazing mall,Edenrobe,Positive
Nice cloth quality,Edenrobe,Positive
Good,Edenrobe,Positive
Awesome,Edenrobe,Positive
Bit expensive though,Edenrobe,Negative
Good mall,Edenrobe,Positive
It's okay,Edenrobe,Neutral
Good quality product,Edenrobe,Positive
Nice,Edenrobe,Positive
Nice stuff and variety,Edenrobe,Positive
Nice brand,Edenrobe,Positive
Best for price and quality,Edenrobe,Positive
Good brand quality stuff,Edenrobe,Positive
Good,Edenrobe,Positive
Good but expensive,Edenrobe,Neutral
Located inside ACE Bahawalpur a little bit expensive,Edenrobe,Neutral
It's mostly off 30 to 50 %,Edenrobe,Positive
Best for shopping,Edenrobe,Positive
It was ok.,Edenrobe,Neutral
Best clothes.,Edenrobe,Positive
Nice place,Edenrobe,Positive
Good  for  shopping,Edenrobe,Positive
Too costly..,Edenrobe,Negative
Good environment,Edenrobe,Positive
Good one,Edenrobe,Positive
Nice sooting but costly,Edenrobe,Neutral
Nice place,Edenrobe,Positive
Awesome Quality,Edenrobe,Positive
shopping was good,Edenrobe,Positive
Everthing is available on ace,Edenrobe,Positive
Good to buy in winter,Edenrobe,Positive
Excellent variety of clothes for all ages,Edenrobe,Positive
nice place for shoping,Edenrobe,Positive
Moderate,Edenrobe,Neutral
Excellent !,Edenrobe,Positive
Best place for shoping,Edenrobe,Positive
Excellent,Edenrobe,Positive
Good,Edenrobe,Positive
Good stuff compared to price,Edenrobe,Positive
Nice dressing variety,Edenrobe,Positive
Good shopping place,Edenrobe,Positive
Worth shopping place,Edenrobe,Positive
its good,Edenrobe,Positive
Good shoping place,Edenrobe,Positive
Good collection,Edenrobe,Positive
Good place to shop,Edenrobe,Positive
Good place,Edenrobe,Positive
Good Experience,Edenrobe,Positive
Quality,Edenrobe,Positive
Good,Edenrobe,Positive
Nice,Edenrobe,Positive
Love to shop,Edenrobe,Positive
For Brand lovers,Edenrobe,Positive
All in one,Edenrobe,Positive
For quality shopping,Edenrobe,Positive
Reasonable price fabulous variety,Edenrobe,Positive
Ace Good&wonderfull,Edenrobe,Positive
Wow shop,Edenrobe,Positive
Fit dresses,Edenrobe,Positive
Good,Edenrobe,Positive
Good,Edenrobe,Positive
Expensive,Edenrobe,Negative
Good,Edenrobe,Positive
Average type,Edenrobe,Positive
Brands,Edenrobe,Positive
Good,Edenrobe,Positive
Brand store,Edenrobe,Positive
god,Edenrobe,Positive
Good place,Edenrobe,Positive
good,Edenrobe,Positive
Below Satisfaction,Edenrobe,Positive
Hit!!!,Edenrobe,Positive
Ok,Edenrobe,Positive
Good,Edenrobe,Positive
Good,Edenrobe,Positive
Worst customer service ever,Edenrobe,Negative
Nice place.,Edenrobe,Positive
Good,Edenrobe,Positive
fine,Edenrobe,Positive
Good stuff,Edenrobe,Positive
Medium type of dressing and other articles.,Edenrobe,Positive
expensive..but quality,Edenrobe,Positive
Nice store,Edenrobe,Positive
Normal quality with too much prices.,Edenrobe,Positive
Good,Edenrobe,Positive
Finely stitched,Edenrobe,Positive
Best place for clothing but expensive,Edenrobe,Positive
Nice place for shopping,Edenrobe,Positive
Variety of cloths of Men's and Kids.,Edenrobe,Positive
Very good,Edenrobe,Positive
"Clothing store
Decent collection",Edenrobe,Positive
Nice Shoping Mall,Edenrobe,Positive
Decent collection,Edenrobe,Positive
Style,Edenrobe,Positive
Garments good option,Edenrobe,Positive
Fine,Edenrobe,Positive
Everything at one place,Edenrobe,Positive
Not good stuff for XXL,Edenrobe,Negative
Everything's available,Edenrobe,Positive
Quality variety of cloths,Edenrobe,Positive
Nice shoping center,Edenrobe,Positive
Ok type place. With little variety and high prices,Edenrobe,Positive
Lovely awesome,Edenrobe,Positive
Good,Edenrobe,Positive
Best,Edenrobe,Positive
Too costly except few items,Edenrobe,Negative
having all seasons stuff and very costly shopping mall in the town.quality service.,Edenrobe,Positive
good,Edenrobe,Positive
"it,s a one of best clothing brand for office suits.",Edenrobe,Positive
A shop with good quality and price,engine,Positive
"Good shop for kids, youth and middle aged generation... Staff and Manager are very helpful",engine,Positive
"I bought a winter shirt with quality stuff, prices r reasonable, dealing is very well but articles are limited overall gud experience.",engine,Positive
Good service,engine,Positive
I love that paints.,engine,Positive
Good place for shopping,engine,Positive
Rates are reasonable,engine,Positive
â¤,engine,Positive
good as dealing well,engine,Positive
Its ok,engine,Positive
Good,engine,Positive
Lack of articals but overall a gud experience there,engine,Negative
Discounted rates with limited stock.,engine,Positive
Good one staff Is very Good,engine,Positive
Affordable brand and good quality garments,engine,Positive
Good place fir shopping,engine,Positive
Always a great experience,engine,Positive
Their sales are good.,engine,Positive
"Awsome designes.
Their sale strategy is better than others.
Staff is cooperative and designes are not repeated in next season. Sizes and fabric are perfect.",engine,Positive
Just ok,engine,Neutral
Nice,engine,Positive
Awesome Clothes,engine,Positive
Good quality stuff,engine,Positive
Nice,engine,Positive
Worth to visit,engine,Positive
Awesome,engine,Positive
Good,engine,Positive
Not a good cloths for choice.,engine,Negative
Great,engine,Positive
Normal standard,engine,Neutral
The service was nice and the workers were pleasant,FactoryPrice,Positive
Good place for shopping ... good products with medium range price,FactoryPrice,Positive
Nice place for purchas the shirts trozers shorts in economy price,FactoryPrice,Positive
quality is good..,FactoryPrice,Positive
The clothes quality is good.,FactoryPrice,Positive
Best in town,FactoryPrice,Positive
"Fantastic shopping mall is here
I realized that after my yesterday busy
Staff is very friendly and honest",FactoryPrice,Positive
Sky touching prices. No place for try. No washroom. Product on sale was of low quality. Never recommend.,FactoryPrice,Positive
Good ,FactoryPrice,Positive
Nice and cheap in some case,FactoryPrice,Positive
Substandard garments and high price tags.,FactoryPrice,Negative
Garments are in Variety.,FactoryPrice,Positive
Extremely expensive!!,FactoryPrice,Negative
Nice shopping place,FactoryPrice,Positive
Ready to wear clothes,FactoryPrice,Positive
This is Best,FactoryPrice,Positive
Factory price shop,FactoryPrice,Positive
Very good location....almost all brands within 100 meter range...staff is friendly...sometimes lacks latest articles...,Ideas,Positive
Good but quality of fabric is on lower side,Ideas,Positive
Ideas fan,Ideas,Positive
Variety of sritch and unstitch expensive clothes,Ideas,Positive
I like this brand gull ahmad,Ideas,Positive
Nice,Ideas,Positive
Nice place to shop,Ideas,Positive
Expensive but top quality products,Ideas,Positive
It's low in quality as compare to prices,Ideas,Positive
Customer dealing is very bad now,Ideas,Negative
Good,Ideas,Positive
A place for brand conscious people,Ideas,Positive
Nice,Ideas,Positive
Nice,Ideas,Positive
Best,Ideas,Positive
Fantastic,Ideas,Positive
Clothing shop,Ideas,Positive
Fine,Ideas,Positive
Nice place,Ideas,Positive
Staff was rude when we were asking size.Rates were not affordable.,Ideas,Negative
Great experience. Amazing products at reasonable sale price.,jdot,Positive
Very well maintained outlet.,jdot,Positive
A very good collection for male and female. Must visit for Eid shopping,jdot,Positive
It's always good for me to visit Junaid jamshed. Thank you J.,jdot,Positive
"Very nice store having all kinds of clothes from baby to baba , ladies and gents collection.",jdot,Positive
Have good experience but not much stuff.They have limited stock.,jdot,Neutral
"Beautiful looking but too expensive
Products are brand no doubt
I love it",jdot,Positive
Best perfumes. Matchless fragrances,jdot,Positive
Good place for perfume lover and  standard cosmetic  overall nice,jdot,Positive
Best in terms of clothing.,jdot,Positive
"One of staff person was very rude, he snatched away clothes from me, pathetic customer service.",jdot,Negative
"Overpriced, expensive and rates are high without any reason.
Brands in neighborhood are much more economical and better in both quality and prints.",jdot,Negative
Nice staff  nice stuff can purchase every type of gents and ladies staff,jdot,Positive
Flat 40% sale going on.. It's good,jdot,Positive
"Hmmm Good
But costly",jdot,Neutral
Better but expansive,jdot,Neutral
Everything is fine.Need improvement in management,jdot,Neutral
Buy only during sales :) otherwise you will regret it when sale comes.,jdot,Negative
very lazy staff.  very pushy,jdot,Negative
Good Place to shop especially in Sales,jdot,Positive
"Beautiful    dresses but
Sale  should be   available  every  month",jdot,Neutral
Friendly and cooperative staff with latest articles avaialable every season,jdot,Positive
"Amazing collection center,  i will come back soon ",jdot,Positive
Love this place,jdot,Positive
Good environment and strict adherence to the SOPs.,jdot,Positive
awesome branch,jdot,Positive
Never found good quality. 90's stuff suits.,jdot,Positive
Unique and good quality stuff 9/10,jdot,Positive
Please remove contact num if u donâ€™t have any time to pick the call,jdot,Neutral
This place is really amazing regarding the clothes. Style is their trademark and ofcource quality. I love their fragrances also.,jdot,Positive
"Good pakistani clothing. Casual, formal and wedding. Perfumes are excellent.
Upper floor ladies section can get uncomfortably hot in summer ( AC usually turned off).",jdot,Positive
Nice clothes,jdot,Positive
good and simple dresses and fine quality,jdot,Positive
Nothing more to say,jdot,Positive
Nice for cultural wears but size issue is always there problem,jdot,Positive
A variety of stitched and un-stitched dresses here for gents and ladies. Price is also reasonable. Staff is very cooperative. Some items are very special but cost is high. Perfumes are also very nice.,jdot,Positive
ðŸ˜•ðŸ˜•ðŸ˜•I am constantly trying to contact you but I am not getting any response. Kindly contact me i have a problem and i have very little time ðŸ˜“ðŸ˜“ðŸ˜“ðŸ˜“ðŸ˜“,jdot,Negative
Best place.....mazaay if u catch a sale of 50percent. Winter cloths are outstanding,jdot,Positive
A brand store. Wider space and car parking. Staff is friendly and humble.,jdot,Positive
Best Designed Qurta and Clothes for Men And Women,jdot,Positive
Nice place,jdot,Positive
Liked,jdot,Positive
Nice place for shopping,jdot,Positive
Excellent service and stuff,jdot,Positive
It's a good place to visit and shop stitch and unstitch clothes,jdot,Positive
Their style and clothing is very colorful and ethnic. Staff is very energetic and helpful. They allow you to shop with piece  of mind with no necessary interruption.,jdot,Positive
Superb mind-blowing behavior with customers..,jdot,Positive
Good for shoping,jdot,Positive
Nice place for shopping ladies and gents' suits ..  somewhat costly but very good in quality and designs... Costumer care is also good...,jdot,Positive
Good quality and also good verity in clothes but price in some clothes are very high,jdot,Positive
Design,jdot,Positive
Welcoming staff N beautiful jewellery,jdot,Positive
Not visit,jdot,Neutral
"Good staff, good clothes for both men and women , makeup,  perfumes  and good management .",jdot,Positive
Amazing clothes,jdot,Positive
I like their clothes.,jdot,Positive
"Nice collection for men, women and children. Perfumes are also good",jdot,Positive
"Good place for fabric,  stuff is also very good , but cozy",jdot,Positive
Nice place,jdot,Positive
All things available like garment good stuff especially krta,jdot,Positive
Good clothing,jdot,Positive
Big outlet of J.,jdot,Positive
It was good but needs improvement,jdot,Positive
Wonderful experience of shopping at J.. Alhumdulillah,jdot,Positive
All the stuff and staff is good but when I talk about the fragrances I love this place.,jdot,Positive
Excelent clothing brand for both male n female. Also have Fragrances with beautifull taste. Groom collection is very beautifull n affordable. V.helpful staff.must visit n enjoy.,jdot,Positive
"Good brand in many cities of pakistan
Good fabric, essential for men and women...",jdot,Positive
Its nice dress shop their experties are in shalwar kameez...kurta,jdot,Positive
Good verity nice place for shopping.,jdot,Positive
New ladies fashion,jdot,Positive
I like junaid jamshed clothes,jdot,Positive
Great.,jdot,Positive
Nice place like their products,jdot,Positive
Only one in city,jdot,Neutral
Good place for shopping,jdot,Positive
Great,jdot,Positive
Good place for men and women clothing,jdot,Positive
Best cultural representative of Pakistani dresses,jdot,Positive
"Staff was helpful, altogether a pleasant experience",jdot,Positive
Nice,jdot,Positive
Nice dresses.,jdot,Positive
V nice collection of perfumes. Specially zarrar. Kurta collection is good. Unstiched suits are also present. Special colors which are difficult to find on other places like grace can be found here.,jdot,Positive
A good place to buy good pakistani clothes for whole family,jdot,Positive
It was good but lacks variety.,jdot,Positive
Very nice place to shop,jdot,Positive
Good stuff with nice quality.,jdot,Positive
Good place,jdot,Positive
Classic trendy clothes and shoes with fragrance,jdot,Positive
Junaid jamshed is a great shopping center,jdot,Positive
Good Place for indeginous clothes,jdot,Positive
The shop was closed but no mention,jdot,Positive
Love this shop,jdot,Positive
This beautiful j. Outlet,jdot,Positive
Average men kurtas yet very high prices. Just cashing the brand name!!,jdot,Negative
That was awesome please...,jdot,Positive
Nice place to buy dresses,jdot,Positive
J. Very costly,jdot,Positive
I don't like the Quality,jdot,Negative
Prices are high,jdot,Negative
Good place with reasonable prices,jdot,Positive
Good for emergency clothing,jdot,Positive
Sale upto 50 % going on,jdot,Positive
Very nice collection...,jdot,Positive
Variety is limited,jdot,Negative
Good place for buying clothes,jdot,Positive
Atmosphere was awesome,jdot,Positive
staff behavior good,jdot,Positive
Nice.,jdot,Positive
Nice collection,jdot,Positive
Endless variety under one roof,jdot,Positive
Can't find good clothes here now a days,jdot,Negative
Perfect design with affordable prices,jdot,Positive
Nice designs at J.,jdot,Positive
Clothing brand j.,jdot,Positive
Good place for Eastern wear,jdot,Positive
Outstanding shopping center,jdot,Positive
New arrivals,jdot,Positive
Awesome,jdot,Positive
Prices are very high.,jdot,Positive
Stunning,jdot,Positive
Extremely slow service,jdot,Positive
Wow,jdot,Positive
Good,jdot,Positive
beat one,jdot,Positive
family shoping place,jdot,Positive
Nice,jdot,Positive
Not experienced staff,jdot,Negative
Awesome,jdot,Positive
Good clothes,jdot,Positive
Loved it,jdot,Positive
Good,jdot,Positive
Boteeq at Railway Road opposite Panda Hotel,jdot,Positive
Good fabric,jdot,Positive
Perfumes + Clothing Store,jdot,Positive
Brand store.,jdot,Positive
Good collection,jdot,Positive
Good,jdot,Positive
Extra high rates,jdot,Positive
Excellent,jdot,Positive
Nice place,jdot,Positive
Traditional and religious clothing,jdot,Positive
Very good,jdot,Positive
Its too good,jdot,Positive
Good stuff,jdot,Positive
Awesome,jdot,Positive
Expensive,jdot,Positive
Limited quality,jdot,Positive
Reminds you of Junaid Jamshed,jdot,Positive
Level,jdot,Positive
Excellent,jdot,Positive
Good,jdot,Positive
Excellent,jdot,Positive
Nice.,jdot,Positive
Non cooperative staff,jdot,Negative
Good outlet,jdot,Positive
Not bad,jdot,Positive
Nice shop,jdot,Positive
Nice place,jdot,Positive
Love this,jdot,Positive
Best tailor in Bahawalpur,JeanJunction,Positive
One of the Best place in Town for Suiting.,JeanJunction,Positive
Best tailor in Bahawalpur,JeanJunction,Positive
Best Tailor,JeanJunction,Positive
Good,JeanJunction,Positive
My teler,JeanJunction,Positive
One of the best Tailor Shop in BWP,JeanJunction,Positive
"Quality tailored for two piece, three pieces and dress stitching",JeanJunction,Positive
Good cloth and tailor stores,JeanJunction,Positive
Very nice Tailor..,JeanJunction,Positive
Good tailoring shop,JeanJunction,Positive
One of good tailors,JeanJunction,Positive
Good,JeanJunction,Positive
fine tailor but a bit expensive,JeanJunction,Positive
Fashion,JeanJunction,Positive
Expensive,JeanJunction,Negative
Khaadi is best to buy women dressed. There stuff is best & their collection is always awesome.,Khaddi,Positive
Ladies Fashion Brand With Everything,Khaddi,Positive
Khaadi... Long ago we visited but fabric of khaad is good.,Khaddi,Positive
"A typical Khaadi Store but sells only women clothing. Men and home section are missing from this branch, good stuff available but keep an eye on sale days",Khaddi,Neutral
It's a very good clothes brand in bahawalpur,Khaddi,Positive
"Always good experience, but a bit costly",Khaddi,Positive
Nice place to buy women clothes,Khaddi,Positive
That's was awesome ,Khaddi,Positive
The best outfits ever,Khaddi,Positive
It is very top class Clothing brand of the country. It is very big store and popular among women. It has all varieties of clothes for woman. It offers summer collection and wide range of varieties. It is on main location and attractive â€¦,Khaddi,Positive
Parking is a big issue here,Khaddi,Negative
Nice place for shopping,Khaddi,Positive
Khaadi is always Best. I love Khaadi.,Khaddi,Positive
Shopping place but expansive,Khaddi,Positive
Limited designs and limited colours were present.,Khaddi,Negative
Good place,Khaddi,Positive
Good,Khaddi,Positive
Place where you can find stiched and instiched dresses. There is winter clearance sale,Khaddi,Positive
A very good quality cloth shop for women,Khaddi,Positive
I have a good experience .Everything is nice.,Khaddi,Positive
Love it,Khaddi,Positive
"Khaadi is brand very person can't afford it , very comfortable and costly.",Khaddi,Neutral
A very best place of clothing.,Khaddi,Positive
Official store of khadi in bhawalpur. This is best place.,Khaddi,Positive
Good,Khaddi,Positive
A nice place I like to there,Khaddi,Positive
"Nice designer store, purchased gifts for family members.",Khaddi,Positive
Clothes brand,Khaddi,Positive
Best,Khaddi,Positive
Branded and awsome kpra,Khaddi,Positive
Very nice collection of dresses available there...The staff is very polite and guide properly,Khaddi,Positive
Nice place for shopping stich and unstich clothes with reasonable price,Khaddi,Positive
mother day sale was good..and a nice range of clothes..,Khaddi,Positive
"Awesome,",Khaddi,Positive
Good brand.. but they are repeating their colour scheme and designs which does not give us impressive look,Khaddi,Positive
Best ever clothing for both male nd female special,Khaddi,Positive
Like to visit this place,Khaddi,Positive
Variety of clothes,Khaddi,Positive
Just a hack scheme to lure stupids into so called sales and looting hard earned money of good innocent and ignorant people,Khaddi,Positive
Unprofessional staff with no skills how to make sale,Khaddi,Negative
Unnecessarily expensive and cheap stuff for more price. Not recommended,Khaddi,Negative
Famous among teenagers and female clients,Khaddi,Positive
A little collection the shop has. It must expand.,Khaddi,Positive
Good quality and most likely cloth and design,Khaddi,Positive
"Good store, outdated and expensive clothes",Khaddi,Positive
Nice range of stitched and unstitched clothes.,Khaddi,Positive
"Good cloths for men, women and kids",Khaddi,Positive
All of things excelent,Khaddi,Positive
Khaadi is a nice outlet for its branded clothes.,Khaddi,Positive
A nice and contemporary outlet of Khaadi,Khaddi,Positive
Place worthy visit.,Khaddi,Positive
a good shop for brand lovers,Khaddi,Positive
Great place for getting clothes,Khaddi,Positive
Good brand for shoping,Khaddi,Positive
A good shop for brand lovers,Khaddi,Positive
Khadi brand is best for shopping,Khaddi,Positive
A good clothing brand,Khaddi,Positive
Good at sale,Khaddi,Positive
Good,Khaddi,Positive
Good,Khaddi,Positive
Nothing,Khaddi,Positive
Price is hogher,Khaddi,Positive
needs more stuff,Khaddi,Positive
Best shop for best dress,Khaddi,Positive
Nice place for shopping,Khaddi,Positive
Expensive,Khaddi,Negative
Love,Khaddi,Positive
Nice collection,Khaddi,Positive
Good place,Khaddi,Positive
Much expensive,Khaddi,Negative
"Nice staff, good stuff",Khaddi,Positive
Taxes are very high,Khaddi,Negative
Awesome,Khaddi,Positive
Good place to shop,Khaddi,Positive
Its ok,Khaddi,Positive
Good place,Khaddi,Positive
Nice place,Khaddi,Positive
Good for clothing,Khaddi,Positive
Economical.,Khaddi,Positive
Mostly collection for ladies,Khaddi,Positive
Grand,Khaddi,Positive
Trendy,Khaddi,Positive
Nothing to say,Khaddi,Neutral
Outstanding,Khaddi,Positive
Good shopping,Khaddi,Positive
Clothing market' brands' expensive,Khaddi,Negative
Nice place...,Khaddi,Positive
Good environment,Khaddi,Positive
Good,Khaddi,Positive
The new khaadi store in town the design of store is awesome ?? the iconic design of the building in Bahawalpur overall ambiance is good for shopping ?? of unique design of fabric.,Khaddi,Positive
"One of the best design brand in Ready to wear clothes, staff is very supportive and professional. Best of all, they wear mask and ask customers to wear too! Kids variety is not available,  for that go to DC office branch.",Limelight,Positive
Good quality stuff is available here in this store price are also reasonable rather than other clothing stores in bwp,Limelight,Positive
Goods are fresh. Good staff,Limelight,Positive
average normal variety ..not maximum range they hav..,Limelight,Neutral
My favourite place to buy ready to wear clothes.,Limelight,Positive
Ladies brand store in bahawalpur near to welcome chowk... Good variety & affordable prices.. road access is clean and spacious.,Limelight,Positive
Cheap and quality products available here,Limelight,Positive
"Nice Decor , Nice Staff, very Organised ,",Limelight,Positive
Price quality and service matching,Limelight,Positive
It's a Good place,Limelight,Positive
Nice ladies clothing collection for ladies,Limelight,Positive
Economical and stylish,Limelight,Positive
Very good place,Limelight,Positive
Good for shopping,Limelight,Positive
Because I love this brand... And all the stock of this brand good,Limelight,Positive
Nice place for ahoping,Limelight,Positive
Very good staff,Limelight,Positive
Nice branded shop,Limelight,Positive
Very nice collection and even nicer staff and customer service. Very pleased with the people here.,Limelight,Positive
Not so good,Limelight,Negative
Nice place for shopping,Limelight,Positive
Amazing,Limelight,Positive
Once again. Great experience. Good atmosphere and positive attitude of salesmen. Thumbs up,Limelight,Positive
Good clothes retailer. Polite salesmen.,Limelight,Positive
Good prints. Customer service is very good,Limelight,Positive
Good best ever dresses latest fashion,Limelight,Positive
Great,Limelight,Positive
Good suiting,Limelight,Positive
A good place for quality cloths with reasonable price.,Limelight,Positive
Clothing store,Limelight,Positive
Has Something to get 5 stars,Limelight,Positive
so so quality metirial available,Limelight,Positive
Small shop size,Limelight,Negative
Very nice place for stich & unstich wearing must bh visited,Limelight,Positive
Good stuff for my best half,Limelight,Positive
Good place for ladies stitch cloths.,Limelight,Positive
They should increase their stock,Limelight,Positive
Nice designes for females and economicsl prices.,Limelight,Positive
Good place for designer cloths shopping,Limelight,Positive
Nice,Limelight,Positive
Nice,Limelight,Positive
It is the good brand in bahawalpur for clothes....,Limelight,Positive
Good,Limelight,Positive
Nice place for women clothes,Limelight,Positive
It's good,Limelight,Positive
best collection.,Limelight,Positive
Nice combinational dresses with jewellery,Limelight,Positive
Best clothes in Town,Limelight,Positive
Affordable clothing,Limelight,Positive
Expensive,Limelight,Positive
Great collection,Limelight,Positive
Very good ,Limelight,Positive
Great,Limelight,Positive
Nice stuff good price,Limelight,Positive
Good female dresses but not so good,Limelight,Positive
It is wonderful brand,Limelight,Positive
Good,Limelight,Positive
Nice brand,Limelight,Positive
Nice staff good center,Limelight,Positive
Nice but costly.,Limelight,Positive
Clothe brand with fixed prices,Limelight,Positive
Trendy women clothing store,Limelight,Positive
My favourite place,Limelight,Positive
Wel Done,Limelight,Positive
Lovely dresses,Limelight,Positive
Exclusive store for women clothing.,Limelight,Positive
V.good,Limelight,Positive
good,Limelight,Positive
Excellent,Limelight,Positive
Best,Limelight,Positive
Low quality,Limelight,Positive
It was Fantastic,Limelight,Positive
Average,Limelight,Positive
Prices r so high,Limelight,Positive
Female dresses,Limelight,Positive
Lots of variety,Limelight,Positive
good one,Limelight,Positive
Good shop,Limelight,Positive
Very good,Limelight,Positive
Ladies Shopping,Limelight,Positive
Nice one ,Limelight,Positive
Just ok,Limelight,Positive
Popular for ready clothes,Limelight,Positive
Awesome quality and collection,nishatlinen,Positive
Best quality fabric and design,nishatlinen,Positive
"Very non cooperative staff .
I go there just on the name of Nishat",nishatlinen,Positive
Nice place to take clothes and house stuff bedsheets stallers n much more.,nishatlinen,Positive
Good store,nishatlinen,Positive
Nice store for shopping,nishatlinen,Positive
Good place to empty pocket,nishatlinen,Positive
"Like always, great experience with warm welcome, best customer service and even better products. Love to visit this place.",nishatlinen,Positive
Good place to visit,nishatlinen,Positive
Nice place.,nishatlinen,Positive
Good,nishatlinen,Positive
One of my favourite  outlet ... just loved it â¤,nishatlinen,Positive
Awesome verity of clothes,nishatlinen,Positive
Not to much excited about prints and designes but   stiff and fabric nodoubt of good quality,nishatlinen,Neutral
Nice place for ladies garment shoping,nishatlinen,Positive
A premium shopping place for fabrics,nishatlinen,Positive
Having always a good experience whenever we visit this place for shoping.,nishatlinen,Positive
An awesome well organised place to be in,nishatlinen,Positive
Less verity then the outlets in Lahore,nishatlinen,Positive
A one place for shopping,nishatlinen,Positive
Good,nishatlinen,Positive
Nice,nishatlinen,Positive
Nice collection,nishatlinen,Positive
Good,nishatlinen,Positive
Fine store,nishatlinen,Positive
Good Service,nishatlinen,Positive
Expensive but amazing quality,nishatlinen,Positive
Excellent vendor,nishatlinen,Positive
Brand clothe store with fixed prices.,nishatlinen,Positive
Nice place to visit,nishatlinen,Positive
Good,nishatlinen,Positive
Expensive but good,nishatlinen,Neutral
Nishat Linen Bahawalpur is good store,nishatlinen,Positive
Great,nishatlinen,Positive
Royal,nishatlinen,Positive
Nice,nishatlinen,Positive
Wonderful,nishatlinen,Positive
Wonderful,nishatlinen,Positive
Good,nishatlinen,Positive
nice,nishatlinen,Positive
V good,nishatlinen,Positive
Good variety of all types of clothes under fair prices,one,Positive
Reasonable pricing.,one,Positive
Amazing customer services. Very humble staff,one,Positive
Great Experience.. Quality Stuff,one,Positive
For shoping,one,Neutral
Good,one,Positive
"Nice brand, on low price, good quality",one,Positive
Good place to shop,one,Positive
Shopping Brand,one,Positive
Rates are high as compared to quality,one,Positive
Very good quality western clothing in affordable prices,one,Positive
Shopping fare,one,Positive
Good stuff price high,one,Positive
"I absolutely love them.  I was still genuinely surprised at the quality of the material as soon as I opened the package. The material has some weight to it - doesn't feel cheap, thin or flimsy at all, and is soft to the touch. Be warned â€¦",Outfitters,Positive
"I love it
Always shop here",Outfitters,Positive
I buy baby clothes ..good collection,Outfitters,Positive
Best place for shopping here you can buy each and every thing for yourself.,Outfitters,Positive
Good products and nice staff,Outfitters,Positive
Service was perfect. Quality and price were affordable and the summer sale was above all.,Outfitters,Positive
Always loved their stuff.,Outfitters,Positive
Loved their new winter collection,Outfitters,Positive
Its a good branch dealing of the staff is OK and and stock is also reasonable maintained then the other branches,Outfitters,Positive
"Very Organised, Clean , Supportive Staff ,",Outfitters,Positive
"Outfitters store has not a full range of items. Just has average collection. Trendy stuff for gents , ladies and kids. New styles are also displayed by the staff but these designs and styles are not so good to be purchased. Footware â€¦",Outfitters,Negative
Better outlet.,Outfitters,Positive
Outfitters is great but expensive. They should have more options too!!,Outfitters,Positive
Nice bought something today will give it a try ...... Then will add review again ðŸ˜‹ðŸ˜‡,Outfitters,Positive
I love its shoes...,Outfitters,Positive
Always my favourite,Outfitters,Positive
Had Nice stock,Outfitters,Positive
Zero star . They are disgraceful selling bad and olddated stuff. Torn clothes in most of the branches,Outfitters,Negative
Good brand,Outfitters,Positive
Good quality of products. Good service and shop,Outfitters,Positive
"Shopping Centre
Not a Vast variety here
Casual dresses are more
Watches are available at sensible prize",Outfitters,Negative
Best baby collections,Outfitters,Positive
Its ok,Outfitters,Positive
Amazing kid's range.,Outfitters,Positive
Nice brands and nice dezine...outclass,Outfitters,Positive
Best one,Outfitters,Positive
It is one of the best clothig brand of a ages,Outfitters,Positive
Very peaceful and nice place,Outfitters,Positive
I bought a baby shoe and the size was smaller than my kid size. I asked that plz confirm it from your other outlet which is placed in Haqi center and after confirmation they said large size of that article is not available at that outlet while i visit the Haqi center just after half an hour the large size of same article was available there. They are deceiving the customers,Outfitters,Negative
Not much variety but Moderate prices,Outfitters,Positive
Good stuff as compared to other brands but sizes issue always specially shoes.,Outfitters,Positive
Good place for all kind of clothes,Outfitters,Positive
Reasonable clothing with prices in your reach,Outfitters,Positive
Expensive Garments,Outfitters,Positive
Nice,Outfitters,Positive
Awesome place for shopping,Outfitters,Positive
Nice place.,Outfitters,Positive
Upto 50% sale currently . Nice collection casaual and formal as well . Must visit,Outfitters,Positive
Very good.  Wow.,Outfitters,Positive
They don't have updated stock there. And the sales boy was rude and not helpful at all.,Outfitters,Positive
Good quality of products,Outfitters,Positive
Good shop,Outfitters,Positive
Stuff is not good but stitching is mond blowing. Most of shirts' color fade away in sunlight beware.,Outfitters,Positive
Nice brand for bwp,Outfitters,Positive
Good at sale,Outfitters,Positive
Various variety for casual lovers,Outfitters,Positive
Complete range same like lhr and Karachi stores ....,Outfitters,Neutral
Bit expensive as per quality,Outfitters,Positive
Awsome,Outfitters,Positive
Nice branding hear,Outfitters,Positive
Best quality but too expensive,Outfitters,Positive
Clothing store,Outfitters,Positive
so so,Outfitters,Positive
Not too much variety,Outfitters,Positive
stock of variety not available,Outfitters,Positive
Try room mostly closed,Outfitters,Negative
Nice Brand,Outfitters,Positive
Variety of wearables,Outfitters,Positive
Good collection,Outfitters,Positive
Nice brand,Outfitters,Positive
Shortage of variety..,Outfitters,Negative
Awesomely,Outfitters,Positive
waste,Outfitters,Negative
Excellent,Outfitters,Positive
Loved it,Outfitters,Positive
Good collection,Outfitters,Positive
"it,s a good clothing  brand.",Outfitters,Positive
"Good clothes, excellent environment. Staff behaviour is very good. Location of the outlet is best with fair parking space. Since day 1 they have been treating their customers well.",Sapphire,Positive
this shop is situated in dubai chowk bahawal pur infront of go petrol pump opposite side,Sapphire,Positive
It is sphaire clothing brand flagship shop in Bahawalpur,Sapphire,Positive
It's my favorite clothing brand so far but clothes go out of stock very fast and restock bhi nai hoty,Sapphire,Positive
Compact and at prime location of The City.,Sapphire,Positive
Good place for family shopping ,Sapphire,Positive
Great place! They recently had sale 50 percent of!! Enjoyable for women who are interested in clothes but it is quite expensive!,Sapphire,Positive
They have very nice products . Provide best quality products.,Sapphire,Positive
"Good place,
I visited this shop Sapphire Cloth and i got a good service here. The quality of Things of this shop is very good. The quailty of Cloths of this shop is great.
Nice place
I suggest you to go there and enjoy.
Love this place.
Thank you.
Have a nice day Friends",Sapphire,Positive
Too expensive for me,Sapphire,Negative
Good customer service,Sapphire,Positive
Winter collection and female perfumes are good,Sapphire,Positive
Neat clean,Sapphire,Positive
I personally don't recommend this place .,Sapphire,Positive
My experience was very good. I always appreciate its vibrant colours and unique designs,Sapphire,Positive
The best place for ladies or kids shopping,Sapphire,Positive
Best place to eat,Sapphire,Positive
It's ok,Sapphire,Positive
Best place where u find clothes and food also the lodging service..,Sapphire,Positive
Best ground for sports.,Sapphire,Positive
Little expensive but high quality,Sapphire,Neutral
Good,Sapphire,Positive
Rushed point,Sapphire,Positive
Awesome place for shopping,Sapphire,Positive
Never go there. But ok,Sapphire,Neutral
Parking is a big issue here,Sapphire,Positive
Always good stuff,Sapphire,Positive
"A good shopping mall..
Lov to did shopping.",Sapphire,Positive
Good outlet in Bwp,Sapphire,Positive
Nice for shopping but rates are higher than market,Sapphire,Positive
the one and only brand u can trust,Sapphire,Positive
Its good place but spend mony too much,Sapphire,Positive
Batter clothes,Sapphire,Positive
it is branded clothes shoping maal and hotel,Sapphire,Positive
Nice,Sapphire,Positive
Good,Sapphire,Positive
Good,Sapphire,Positive
It is on main road and the staff was very helpful,Sapphire,Positive
Nice place,Sapphire,Positive
"I actually love this place. Their prints and stuff is outstanding. They are different from others like, NL, And warda, they seems tooo typical specially in Bahawalpur. But the Sapphire is better than the other too. most important thing is they offer a whole cool stuff on sales too.. Jewelry section and goggles are my weakness. ðŸ’â¤ï¸",Sapphire,Positive
"Very cooperative staff.
Need to work on return/change policy",Sapphire,Positive
"The Poor quality of services, in sale days they throw clothes like before dogs, inhuman attitude also owner enjoys snatching between women as promote such vulgar services. They also record videos of customers in cctv and enjoy.",Sapphire,Negative
yes   u must visit sapphire when they put sale,Sapphire,Positive
Very expensive clothes. Not a good place for middle class persons.,Sapphire,Positive
"Well managed
New arrivals
Fresh designed dresses",Sapphire,Positive
Really good,Sapphire,Positive
Nice environment. Great styles and choices. Unique,Sapphire,Positive
Very good,Sapphire,Positive
"Flagship Sapphire Clothing outlet.
Easily accessible, ambiant and cozy, this place is by far posh than other stores in their line up",Sapphire,Positive
"Awesome summer collection, but they need restocking of some out of stock good stuff",Sapphire,Positive
Amazing management,Sapphire,Positive
Very helpful staff especially Hammad. Highly recommend,Sapphire,Positive
Pizza of better quality offers new deals relatively better place,Sapphire,Positive
A great brand under a great roof,Sapphire,Positive
Descent market,Sapphire,Positive
A good shopping place but comparatively lesser variety,Sapphire,Positive
Great shopping mall.,Sapphire,Positive
"You can buy stitched clothes mans,womens and kids",Sapphire,Positive
Well behaved staff...,Sapphire,Positive
sapphire is very good shop fpr cloths,Sapphire,Positive
The clothes are very expencieve here,Sapphire,Positive
"Sapphire colth avenue mall.
is the best shopping mall.",Sapphire,Positive
Nice bright location with easy access and free parking,Sapphire,Positive
With avarage range awsome cloths for gantes and ðŸšº,Sapphire,Neutral
Pathetic discipline. ..worse management...they should nor offer sale of they cannot manage the crowd. . Plus the stock was put with in 5 min.. no backup plan... worse experience. ...I hate it..,Sapphire,Negative
Best point in bahawalpur,Sapphire,Positive
"Clothes quality awesome,",Sapphire,Positive
Store was close at 4p.m with out any  information. We r from multan. We have visited outlet at 4p.m but there was no entry for customers. Staff behaviour was very rude to us.so we advised to everyone not to ever visit  Bahawlpur outlet.whynot  u open your outlet in Multan.,Sapphire,Negative
Good,Sapphire,Positive
Big outlet with good parking space,Sapphire,Positive
Nice collection but some times old one,Sapphire,Neutral
Nice,Sapphire,Positive
nice,Sapphire,Positive
Good collection of ladies clothes,Sapphire,Positive
Favorite brand for clothing ,Sapphire,Positive
Your are the boss in town.,Sapphire,Positive
Good,Sapphire,Positive
Must visit,Sapphire,Positive
Nice,Sapphire,Positive
Best ladies clothing in town,Sapphire,Positive
I amloving it.,Sapphire,Positive
You can trust,Sapphire,Positive
Best cloths,Sapphire,Positive
Good one,Sapphire,Positive
Beautiful shopping mall,Sapphire,Positive
Nice place,Sapphire,Positive
Fashion,Sapphire,Positive
Good place,Sapphire,Positive
Shopping & Eating,Sapphire,Positive
Best cloth store in BahawalPur,Sapphire,Positive
Too costly,Sapphire,Negative
Nice,Sapphire,Positive
Good place for shopping,Sapphire,Positive
Nice place,Sapphire,Positive
For branded clothes shopping,Sapphire,Positive
Good place,Sapphire,Positive
Best stuff,Sapphire,Positive
Expensive but good clothong,Sapphire,Positive
Beautiful shopping experience,Sapphire,Positive
Tooo good,Sapphire,Positive
GOOD,Sapphire,Positive
Great mall,Sapphire,Positive
Nyc,Sapphire,Positive
Nice,Sapphire,Positive
Big stores and poor Parking,Sapphire,Negative
good,Sapphire,Positive
Rude manager,Sapphire,Positive
Good,Sapphire,Positive
Lovely,Sapphire,Positive
Great,Sapphire,Positive
Experience,Sapphire,Positive
wow,Sapphire,Positive
Branded,Sapphire,Positive
ladies shopping,Sapphire,Positive
Brand,Sapphire,Positive
Clothes House,Sapphire,Positive
Good,Sapphire,Positive
Like,Sapphire,Positive
great,Sapphire,Positive
Good,Sapphire,Positive
Too costly,Sapphire,Positive
Very very costly,Sapphire,Negative
Extraordinary shopping,Sapphire,Positive
Good place,Sapphire,Positive
Average place,Sapphire,Positive
Just ok,Sapphire,Positive
Nice,Sapphire,Positive
Best clothing,Sapphire,Positive
A costly cloths shop,Sapphire,Negative
Good clothing outlet for females.,Sapphire,Positive
Good place,Sapphire,Positive
Good place to shop,Sapphire,Positive
Compatible price,Sapphire,Positive
Ok variety but expensive,Sapphire,Neutral
Satisfied,Sapphire,Positive
Nice,Sapphire,Positive
Good clothes,Sapphire,Positive
Good shop,Sapphire,Positive
Average variety available here.,Sapphire,Neutral
Awesome,Sapphire,Positive
Very poor services,Sapphire,Positive
Superb variety and elegant designs.,Sapphire,Positive
nice place,Sapphire,Positive
Good place for buy clothes,Sapphire,Positive
Very good environment,Sapphire,Positive
Nice store,Sapphire,Positive
Best,Sapphire,Positive
Good,Sapphire,Positive
Nice place,Sapphire,Positive
The manager of the outlet is a useless person. He is busy in petty matters 'look busy doing nothing' telling everyone that company is not providing staff. There are two counters and two individuals are dealing having long ques during sell. â€¦,Sapphire,Negative
costly but having good stuff.,Sapphire,Neutral
Loved it,Sapphire,Positive
Good stuff with nice quality of stiching but need improvement of caller color and quality,Uniworth,Positive
Nice collection of Men clothing,Uniworth,Positive
"The worst place to buy garments. I bought two trousers from Bahawalpur, tried one since both were of same size. However, later on found that the one I didn't try had smaller waist. I took both trousers back to the store, the salesman â€¦",Uniworth,Positive
"Good place,
I visited this shop and i got a good service here. The quality of Things of this shop is very good. The quailty of Dresses of this shop is great.
Nice place
I suggest you to go there and enjoy.
Love this place.
Thank you.
Have a nice day Friends",Uniworth,Positive
The staff was very cooperative and polite. There is a wide range of clothing available here. They also stitch suites on order ( which takes around 25 days). Alteration of clothes are available as well. ðŸ™‚,Uniworth,Positive
Uniworth Black is recommended. Super fine quality and stiching,Uniworth,Positive
"A franchise of most famous brand shirt and tie. A quality dress shirt, pants and soots available",Uniworth,Positive
my experience for formal dressing was great with them but this brand disappointed with their service on defective fabric claim. I went through a worst customer service experience with them. my trouser faded just like hell within 2 home â€¦,Uniworth,Neutral
Fine Men's wear,Uniworth,Positive
I love it,Uniworth,Positive
I love this place really,Uniworth,Positive
Alteration service was a little slow,Uniworth,Positive
No need.,Uniworth,Neutral
There is a reasonable shirts and every thing,Uniworth,Positive
"Awsome services and quality, but expensive.",Uniworth,Positive
Best brand,Uniworth,Positive
Best place for formal suiting.,Uniworth,Positive
ðŸ‘,Uniworth,Positive
Great shopping place,Uniworth,Positive
Normal price range outlet,Uniworth,Positive
My favorite brand,Uniworth,Positive
Good brand but no New collection,Uniworth,Positive
Loved it,Uniworth,Positive
Good place,Uniworth,Positive
They are famous for their formal wear men collection.,Uniworth,Positive
A name for quality.,Uniworth,Positive
Nice brand,Uniworth,Positive
Good,Uniworth,Positive
Nice place for dress.,Uniworth,Positive
Good place for office dresses and court pant,Uniworth,Positive
Quality,Uniworth,Positive
Brads shop,Uniworth,Positive
A Verity of  brands,Uniworth,Positive
Classy,Uniworth,Positive
Quality stuff,Uniworth,Positive
Nice dresses,Uniworth,Positive
Good clothing,Uniworth,Positive
Good,Uniworth,Positive
wow,Uniworth,Positive
Good,Uniworth,Positive
Awesome,Uniworth,Positive
A good shop for shirt and ties,Uniworth,Positive
This is A garments store avail jeans shirts pants.,Uniworth,Positive
